"ISO";"COUNTRY";"YEAR";"DECILE 1 (MEAN INCOME)";"DECILE 2 (MEAN INCOME)";"DECILE 3 (MEAN INCOME)";"DECILE 4 (MEAN INCOME)";"DECILE 5 (MEAN INCOME)";"DECILE 6 (MEAN INCOME)";"DECILE 7 (MEAN INCOME)";"DECILE 8 (MEAN INCOME)";"DECILE 9 (MEAN INCOME)";"DECILE 10 (MEAN INCOME)"
"ABW";"Aruba";"2020";"4787.77";"10604.49";"14391.96";"17960.31";"22336.82";"27138.93";"33485.58";"43206.32";"61355.82";"144553.89"
"AFG";"Afghanistan";"2020";"378.99";"657.31";"842.86";"1010.64";"1178.43";"1397.53";"1778.5";"2301.59";"3270.78";"6888.97"
"AGO";"Angola";"2020";"152.35";"718.64";"1303.3";"1875.77";"2630.95";"3453.12";"4610.26";"6376.4";"9506.75";"30475.19"
"AIA";"Anguilla";"2020";"3305.56";"7321.52";"9936.45";"12400.1";"15421.71";"18737.17";"23119.0";"29830.37";"42361.08";"99802.42"
"ALB";"Albania";"2020";"2992.59";"5391.94";"7171.67";"8740.48";"10282.91";"11930.82";"14066.5";"16755.88";"21053.61";"33538.12"
"AND";"Andorra";"2020";"14797.78";"20928.29";"25071.67";"28876.81";"32766.51";"37374.96";"43251.8";"51580.83";"64095.52";"104387.76"
"ARE";"United Arab Emirates";"2020";"25197.7";"33171.61";"40068.03";"46967.58";"54183.62";"61906.06";"70514.67";"80642.45";"93998.46";"126344.06"
"ARG";"Argentina";"2020";"3751.51";"7893.16";"9667.56";"11443.23";"13416.2";"15981.06";"19335.11";"23478.35";"31962.12";"59978.31"
"ARM";"Armenia";"2020";"4339.87";"6395.6";"7677.26";"8946.23";"10265.96";"11649.13";"13273.41";"15392.59";"18907.63";"29351.24"
"ATG";"Antigua and Barbuda";"2020";"2179.87";"4828.23";"6552.66";"8177.34";"10169.96";"12356.36";"15245.99";"19671.85";"27935.32";"65815.43"
"AUS";"Australia";"2020";"12815.56";"22302.74";"27411.98";"31794.01";"36760.3";"42943.82";"50003.74";"59254.68";"73715.35";"129902.62"
"AUT";"Austria";"2020";"14636.07";"26037.21";"31841.63";"36716.41";"42369.08";"48281.04";"55645.07";"64150.0";"77685.29";"121195.28"
"AZE";"Azerbaijan";"2020";"7632.32";"9333.77";"10321.37";"11186.06";"12119.38";"13107.59";"14260.51";"15770.29";"18117.3";"25419.12"
"BDI";"Burundi";"2020";"99.46";"171.14";"239.15";"307.17";"376.65";"464.41";"592.4";"783.28";"1123.36";"3153.61"
"BEL";"Belgium";"2020";"17208.83";"26460.34";"32401.23";"36981.3";"41610.06";"45849.05";"51013.79";"58273.6";"69869.78";"107533.15"
"BEN";"Benin";"2020";"450.38";"804.01";"1107.6";"1387.84";"1751.48";"2158.49";"2702.29";"3549.67";"5110.99";"14208.69"
"BFA";"Burkina Faso";"2020";"105.74";"140.27";"196.32";"293.36";"422.73";"629.71";"1041.5";"1852.13";"3544.51";"13331.43"
"BGD";"Bangladesh";"2020";"585.33";"1414.56";"1926.73";"2414.5";"2946.18";"3551.03";"4350.99";"5380.2";"7282.54";"18862.4"
"BGR";"Bulgaria";"2020";"4189.01";"8527.82";"11256.39";"13404.72";"15776.85";"18283.24";"21483.36";"26429.01";"34127.22";"70313.26"
"BHR";"Bahrain";"2020";"11141.46";"16787.92";"21753.18";"26771.19";"32046.84";"37799.53";"44301.32";"52490.08";"65235.01";"106479.25"
"BHS";"Bahamas, The";"2020";"3429.11";"7506.98";"10719.84";"13901.82";"17917.9";"22644.51";"28452.38";"36021.15";"49521.36";"118350.79"
"BIH";"Bosnia and Herzegovina";"2020";"3044.51";"5944.04";"7886.73";"9582.95";"11322.67";"13221.87";"15541.49";"18397.53";"22862.81";"37287.98"
"BLR";"Belarus";"2020";"6730.51";"9719.71";"11860.35";"13788.87";"15717.38";"17896.6";"20326.53";"23624.28";"28676.99";"43526.54"
"BLZ";"Belize";"2020";"569.79";"1396.12";"2081.4";"2626.24";"3269.02";"4077.09";"5179.01";"6703.33";"9335.69";"25980.75"
"BMU";"Bermuda";"2020";"14275.2";"26852.46";"35622.12";"44225.74";"53578.11";"64301.88";"77499.34";"95143.45";"123301.38";"231465.58"
"BOL";"Bolivia";"2020";"947.89";"2289.33";"3235.88";"4182.97";"5130.05";"6234.99";"7734.54";"9786.57";"13338.14";"25571.35"
"BRA";"Brazil";"2020";"1072.5";"3366.76";"5139.98";"6730.76";"8433.36";"11096.02";"12613.43";"16232.27";"22722.27";"53232.46"
"BRB";"Barbados";"2020";"644.82";"2414.77";"3729.61";"4993.89";"6359.31";"8091.36";"10278.56";"13805.89";"19735.34";"56500.47"
"BRN";"Brunei";"2020";"23575.59";"32120.18";"38606.58";"44594.03";"51579.39";"58377.65";"65861.96";"76152.89";"93179.7";"137960.85"
"BTN";"Bhutan";"2020";"1151.61";"2588.47";"3560.47";"4659.25";"5895.37";"7437.89";"9603.75";"12762.75";"18246.08";"39608.88"
"BWA";"Botswana";"2020";"1673.55";"2710.26";"3584.06";"4709.63";"6220.27";"8382.55";"11389.01";"16498.52";"25710.43";"65668.24"
"CAF";"Central African Republic";"2020";"20.43";"88.01";"178.81";"268.67";"352.06";"466.01";"638.33";"896.82";"1376.72";"5077.01"
"CAN";"Canada";"2020";"12629.78";"21068.6";"26526.97";"31391.77";"36210.69";"41809.8";"48602.17";"56863.17";"69897.18";"114001.7"
"CHE";"Switzerland";"2020";"19951.74";"31289.02";"38642.02";"45792.86";"53631.27";"61607.21";"70752.03";"83816.06";"103343.34";"178702.16"
"CHL";"Chile";"2020";"2507.97";"6467.33";"8701.55";"10726.51";"13195.32";"16106.36";"19714.52";"25747.68";"37464.13";"92613.88"
"CHN";"China";"2020";"2742.99";"5043.34";"6574.39";"8470.04";"10431.69";"13179.29";"16586.24";"21171.66";"27965.43";"50993.09"
"CIV";"Cote d'Ivoire";"2020";"591.03";"1046.84";"1492.2";"1932.61";"2554.36";"3186.47";"4025.84";"5393.69";"8025.76";"23564.32"
"CMR";"Cameroon";"2020";"157.69";"531.74";"872.78";"1239.49";"1712.56";"2247.96";"2948.38";"3967.85";"5918.77";"17066.89"
"COD";"Congo, Democratic Republic of the";"2020";"90.92";"200.23";"308.47";"423.19";"528.18";"678.63";"894.01";"1206.81";"1745.81";"4748.21"
"COG";"Congo, Republic of the";"2020";"123.39";"462.61";"791.58";"1130.83";"1555.75";"2018.36";"2624.9";"3608.38";"5314.9";"16708.88"
"COL";"Colombia";"2020";"1010.3";"2731.09";"4169.52";"5581.77";"7141.98";"9024.98";"11593.94";"15252.36";"21950.48";"56032.91"
"COM";"Comoros";"2020";"116.69";"451.82";"763.0";"1083.16";"1430.25";"1840.18";"2462.55";"3303.35";"4829.35";"13611.35"
"CPV";"Cape Verde";"2020";"484.82";"1163.56";"1715.04";"2278.64";"2993.74";"3793.69";"4872.41";"6557.15";"9659.98";"26931.58"
"CRI";"Costa Rica";"2020";"2799.16";"5396.39";"7193.81";"9192.09";"11190.37";"13987.97";"17784.7";"23779.55";"34570.26";"73137.09"
"CUB";"Cuba";"2020";"1895.6";"2743.15";"3408.43";"4173.96";"5057.97";"6078.67";"7299.88";"9323.06";"15091.88";"35961.69"
"CUW";"Curacao";"2020";"2558.92";"5667.78";"7692.06";"9599.24";"11938.35";"14504.93";"17897.02";"23092.46";"32792.81";"77259.64"
"CYM";"Cayman Islands";"2020";"8555.37";"18949.4";"25717.31";"32093.67";"39914.14";"48495.14";"59836.1";"77206.31";"109638.04";"258306.47"
"CYP";"Cyprus";"2020";"13183.93";"18864.9";"22289.15";"26054.21";"29706.32";"33358.43";"37763.55";"44352.4";"55007.52";"95971.37"
"CZE";"Czechia";"2020";"15682.07";"22878.51";"26303.84";"29115.21";"32465.72";"35585.2";"39513.42";"45290.18";"55110.7";"83147.83"
"DEU";"Germany";"2020";"15471.47";"24916.64";"30666.44";"35700.46";"41042.69";"46282.18";"53011.33";"61538.35";"75664.43";"129446.28"
"DJI";"Djibouti";"2020";"880.96";"1690.79";"2374.77";"2998.55";"3649.7";"4404.81";"5318.6";"6588.06";"8596.22";"18308.69"
"DMA";"Dominica";"2020";"759.13";"1959.3";"3026.14";"4051.95";"5272.66";"6585.69";"8350.09";"11078.74";"16279.59";"45525.4"
"DNK";"Denmark";"2020";"20718.78";"31816.73";"37394.49";"42361.9";"47050.14";"52631.47";"58491.8";"66919.61";"77914.51";"122899.65"
"DOM";"Dominican Republic";"2020";"3912.02";"6292.03";"8161.33";"9691.58";"11561.89";"13602.22";"16322.66";"20403.33";"27034.41";"53048.66"
"DZA";"Algeria";"2020";"3501.25";"4794.02";"5871.33";"7056.37";"8176.77";"9469.54";"10934.68";"13067.76";"16202.72";"28279.36"
"ECU";"Ecuador";"2020";"1765.63";"3218.68";"4256.19";"5294.29";"6228.57";"7578.1";"9239.05";"11626.67";"15882.87";"38201.93"
"EGY";"Egypt";"2020";"4064.92";"5569.86";"6620.99";"7577.09";"8604.89";"9800.02";"11305.87";"13265.88";"16671.98";"36032.99"
"ERI";"Eritrea";"2020";"284.95";"491.77";"698.58";"910.0";"1123.71";"1433.94";"1865.96";"2507.09";"3766.38";"9885.89"
"ESP";"Spain";"2020";"7288.87";"14928.03";"20069.19";"24525.05";"28944.63";"33509.21";"39269.13";"46296.98";"56657.79";"90710.51"
"EST";"Estonia";"2020";"10569.48";"17885.82";"21263.1";"23903.41";"27564.65";"31859.34";"37280.65";"44497.44";"55093.65";"82236.1"
"ETH";"Ethiopia";"2020";"336.41";"587.57";"834.12";"1048.41";"1288.05";"1576.07";"1928.62";"2460.89";"3414.83";"9493.31"
"FIN";"Finland";"2020";"17648.36";"25897.34";"30658.14";"34667.24";"38817.87";"43345.86";"48817.18";"56175.13";"67070.51";"108576.66"
"FJI";"Fiji";"2020";"3247.62";"4882.95";"6161.27";"7428.07";"8810.04";"10226.56";"12023.12";"14418.53";"18080.74";"29228.61"
"FRA";"France";"2020";"10542.2";"18870.22";"24620.58";"29485.55";"33969.78";"39088.57";"44545.76";"51525.9";"62567.18";"107916.2"
"FSM";"Micronesia, Federated States of";"2020";"639.9";"1205.7";"1566.06";"1923.06";"2296.89";"2724.61";"3273.57";"4048.18";"5327.97";"10679.52"
"GAB";"Gabon";"2020";"2455.75";"4122.16";"5247.71";"6665.62";"8507.43";"10568.51";"13462.79";"17789.6";"24966.83";"49422.04"
"GBR";"United Kingdom";"2020";"11959.56";"18845.31";"23606.7";"28200.44";"32879.24";"38281.14";"44193.45";"52445.16";"64907.8";"110037.01"
"GEO";"Georgia";"2020";"2522.01";"4844.51";"6593.43";"8329.28";"10009.13";"11996.96";"13956.79";"17218.51";"22930.01";"41590.39"
"GHA";"Ghana";"2020";"212.92";"889.88";"1495.87";"2074.56";"2778.82";"3526.76";"4509.44";"6048.99";"8696.78";"24223.24"
"GIN";"Guinea";"2020";"513.05";"803.15";"1055.65";"1310.83";"1590.19";"1934.02";"2398.72";"3056.82";"4080.24";"9965.56"
"GMB";"Gambia, The";"2020";"336.99";"548.69";"749.59";"946.17";"1142.75";"1438.7";"1834.02";"2376.23";"3253.28";"8941.11"
"GNB";"Guinea-Bissau";"2020";"331.39";"488.76";"647.97";"812.74";"992.33";"1233.0";"1562.54";"2051.3";"2852.94";"7501.69"
"GNQ";"Equatorial Guinea";"2020";"863.16";"2226.94";"4160.41";"6076.62";"8838.72";"11773.45";"15864.81";"21389.0";"30210.46";"68672.69"
"GRC";"Greece";"2020";"7034.7";"12437.55";"15679.73";"18680.5";"21492.02";"25033.46";"28737.1";"33549.14";"41037.56";"66665.65"
"GRD";"Grenada";"2020";"2354.91";"4288.27";"5640.16";"6919.38";"8576.54";"10320.92";"13010.17";"16542.54";"23650.89";"53581.55"
"GRL";"Greenland";"2020";"11807.84";"24451.15";"30912.04";"35980.5";"41550.24";"48790.9";"58092.36";"70234.39";"88614.52";"147765.14"
"GTM";"Guatemala";"2020";"1410.6";"2375.7";"3197.8";"4020.34";"5019.13";"6068.28";"7427.97";"9442.34";"13034.62";"31936.08"
"GUY";"Guyana";"2020";"2038.46";"5829.43";"8144.3";"10180.37";"12272.48";"14831.58";"17876.35";"21911.14";"29364.29";"64351.14"
"HKG";"Hong Kong";"2020";"12442.7";"22932.51";"28512.2";"33310.73";"38220.86";"44637.5";"52281.67";"63162.06";"82690.96";"183348.52"
"HND";"Honduras";"2020";"623.22";"1297.84";"1816.58";"2335.6";"3010.33";"3840.76";"4826.9";"6228.26";"8667.67";"18736.69"
"HRV";"Croatia";"2020";"8021.94";"13705.62";"17007.58";"19905.37";"23046.89";"25971.76";"29302.87";"33690.17";"39919.06";"60230.66"
"HTI";"Haiti";"2020";"161.54";"419.75";"666.13";"944.91";"1258.91";"1666.8";"2239.03";"3119.39";"4718.7";"14147.29"
"HUN";"Hungary";"2020";"11732.13";"17719.68";"19728.51";"23637.28";"25907.86";"29329.05";"33869.76";"37477.82";"43121.96";"68472.22"
"IDN";"Indonesia";"2020";"3204.59";"4486.42";"5550.81";"6580.85";"7828.35";"9293.31";"11067.28";"13402.05";"17384.9";"35651.05"
"IND";"India";"2020";"728.38";"1560.21";"2127.14";"2706.71";"3360.27";"4149.47";"5277.78";"6967.16";"10062.31";"24718.02"
"IRL";"Ireland";"2020";"32550.39";"45955.45";"54923.06";"62898.65";"70239.75";"79574.85";"91991.55";"107851.96";"131507.11";"228754.42"
"IRN";"Iran";"2020";"2397.89";"4076.41";"5439.42";"6840.29";"8291.65";"9995.41";"12140.89";"15371.73";"20293.71";"41597.06"
"IRQ";"Iraq";"2020";"1758.75";"3217.95";"4334.86";"5335.21";"6353.59";"7462.09";"8741.82";"10643.39";"13671.48";"28604.67"
"ISL";"Iceland";"2020";"21587.16";"29437.33";"34881.58";"39752.41";"44309.0";"48603.7";"54574.45";"61435.51";"72800.89";"116429.09"
"ISR";"Israel";"2020";"7073.12";"13044.56";"18469.7";"23858.32";"29246.95";"35299.39";"41976.59";"50332.86";"63023.46";"108162.94"
"ITA";"Italy";"2020";"6834.97";"14864.74";"20556.94";"25627.97";"30582.02";"36043.12";"42518.36";"50631.94";"62607.19";"99781.3"
"JAM";"Jamaica";"2020";"1239.89";"2312.71";"3253.62";"4317.64";"5381.66";"6647.93";"8107.66";"10156.56";"14069.69";"32122.86"
"JOR";"Jordan";"2020";"2141.51";"3711.17";"4741.29";"5801.46";"6812.54";"7931.6";"9531.67";"11769.79";"15215.33";"30509.19"
"JPN";"Japan";"2020";"11553.09";"19430.25";"23932.69";"27753.87";"31132.6";"35436.47";"39820.77";"47382.7";"59288.71";"106590.96"
"KAZ";"Kazakhstan";"2020";"8531.64";"12351.78";"14771.2";"17190.62";"19737.38";"22615.21";"26155.21";"30917.65";"38659.79";"62701.19"
"KEN";"Kenya";"2020";"417.75";"926.89";"1318.54";"1718.88";"2201.91";"2767.62";"3494.34";"4677.98";"6792.86";"19081.79"
"KGZ";"Kyrgyzstan";"2020";"1494.07";"2219.9";"2710.07";"3181.39";"3671.56";"4218.29";"4892.27";"5759.49";"7116.88";"11801.77"
"KHM";"Cambodia";"2020";"1473.6";"1931.21";"2271.27";"2636.52";"3043.76";"3509.77";"4063.94";"4853.22";"6247.05";"11885.34"
"KIR";"Kiribati";"2020";"816.52";"1093.23";"1292.83";"1487.88";"1712.43";"1961.92";"2259.04";"2662.77";"3297.84";"6010.51"
"KNA";"Saint Kitts and Nevis";"2020";"3065.53";"6789.88";"9214.93";"11499.69";"14301.89";"17376.61";"21440.26";"27664.29";"39285.11";"92555.45"
"KOR";"Korea, Republic of";"2020";"11111.75";"20004.53";"25171.28";"29747.88";"34451.61";"39409.59";"45215.08";"52334.23";"64114.73";"102253.04"
"KWT";"Kuwait";"2020";"8207.83";"14307.64";"19734.68";"25430.82";"31889.44";"38975.99";"47094.12";"57723.93";"74453.55";"130652.53"
"LAO";"Laos";"2020";"2123.03";"3005.03";"3715.31";"4425.59";"5198.31";"6119.33";"7282.32";"8866.79";"11715.71";"25655.93"
"LBN";"Lebanon";"2020";"2874.41";"4871.49";"6175.95";"7388.05";"8680.96";"10112.39";"11601.54";"13933.4";"17154.12";"32091.83"
"LBR";"Liberia";"2020";"211.88";"341.52";"480.91";"618.92";"762.49";"945.1";"1201.59";"1575.17";"2185.72";"5596.73"
"LBY";"Libya";"2020";"2116.22";"3791.95";"5018.71";"6147.79";"7290.78";"8540.94";"10024.31";"12215.14";"15629.19";"32047.87"
"LCA";"Saint Lucia";"2020";"1085.27";"2687.59";"4120.68";"5458.09";"7036.48";"8590.77";"10602.92";"14169.35";"20205.78";"46532.34"
"LIE";"Liechtenstein";"2020";"11602.13";"20168.62";"25457.99";"30133.19";"34757.08";"39747.65";"45620.65";"53188.91";"64904.9";"107480.87"
"LKA";"Sri Lanka";"2020";"2114.88";"3965.39";"5173.9";"6357.22";"7754.55";"9240.0";"11304.52";"14225.07";"19273.08";"45960.81"
"LSO";"Lesotho";"2020";"99.76";"359.6";"586.96";"809.68";"1113.6";"1468.56";"1939.52";"2600.72";"3772.33";"10419.14"
"LTU";"Lithuania";"2020";"8690.86";"16182.0";"20595.22";"24046.31";"27757.16";"32544.15";"38073.32";"45086.82";"57109.98";"101009.33"
"LUX";"Luxembourg";"2020";"29312.38";"48156.57";"59260.86";"72392.32";"85411.58";"99889.81";"116051.83";"143548.95";"175087.47";"293157.28"
"LVA";"Latvia";"2020";"7467.44";"13600.51";"16877.71";"19675.62";"22834.54";"26474.83";"30596.48";"36673.66";"46210.62";"80417.31"
"MAC";"Macao";"2020";"16125.21";"27248.09";"33713.84";"39359.81";"44814.96";"51338.83";"58478.77";"69102.63";"86092.88";"151014.84"
"MAR";"Morocco";"2020";"1512.56";"2382.8";"3135.63";"3833.21";"4551.5";"5442.46";"6519.9";"8170.6";"10746.79";"22868.01"
"MCO";"Monaco";"2020";"11602.13";"20168.62";"25457.99";"30133.19";"34757.08";"39747.65";"45620.65";"53188.91";"64904.9";"107480.87"
"MDA";"Moldova";"2020";"4177.13";"6085.96";"7375.05";"8676.53";"9854.06";"11267.09";"12952.82";"15146.74";"18567.77";"29140.74"
"MDG";"Madagascar";"2020";"131.66";"285.25";"430.08";"566.12";"702.16";"893.8";"1161.5";"1575.48";"2311.29";"6581.32"
"MDV";"Maldives";"2020";"2414.98";"4152.74";"5430.5";"6708.27";"7998.81";"9634.35";"11742.66";"15000.96";"20968.13";"43392.91"
"MEX";"Mexico";"2020";"3203.07";"5744.81";"7521.63";"9407.82";"11077.25";"13425.38";"16378.26";"20484.35";"27842.78";"63438.25"
"MHL";"Marshall Islands";"2020";"912.0";"1516.05";"1954.28";"2388.56";"2870.23";"3371.63";"4019.1";"4927.15";"6352.4";"11011.08"
"MKD";"North Macedonia";"2020";"3207.98";"6655.37";"9001.5";"10900.75";"13103.25";"15449.39";"17907.24";"20780.06";"25025.45";"37282.81"
"MLI";"Mali";"2020";"434.55";"839.45";"1081.97";"1306.83";"1589.57";"1850.04";"2177.3";"2631.47";"3372.82";"6974.95"
"MLT";"Malta";"2020";"12245.84";"19615.1";"23809.6";"27339.86";"31144.69";"35341.77";"40833.27";"47109.28";"57268.57";"97513.46"
"MMR";"Myanmar";"2020";"1651.94";"2217.21";"2680.14";"3108.96";"3581.64";"4122.54";"4721.92";"5545.46";"7051.21";"13892.88"
"MNE";"Montenegro";"2020";"3980.06";"7448.91";"9913.63";"12232.28";"14477.91";"16906.11";"19809.0";"23314.37";"28736.74";"45770.65"
"MNG";"Mongolia";"2020";"3525.98";"4995.13";"6170.46";"7228.25";"8544.62";"9955.01";"11635.72";"13868.84";"17665.14";"33649.57"
"MOZ";"Mozambique";"2020";"89.36";"214.21";"334.17";"446.78";"556.95";"708.73";"921.72";"1233.86";"1777.34";"6016.28"
"MRT";"Mauritania";"2020";"720.56";"1394.8";"1904.34";"2398.44";"3016.06";"3664.57";"4508.65";"5713.02";"7782.06";"19995.56"
"MSR";"Montserrat";"2020";"2594.58";"5746.77";"7799.26";"9733.02";"12104.73";"14707.08";"18146.44";"23414.29";"33249.83";"78336.38"
"MUS";"Mauritius";"2020";"4887.0";"6489.62";"7795.46";"8784.73";"10585.21";"12445.04";"15412.85";"19646.94";"29935.36";"78647.1"
"MWI";"Malawi";"2020";"217.38";"351.74";"490.62";"631.01";"765.37";"961.61";"1227.3";"1628.86";"2308.17";"6506.37"
"MYS";"Malaysia";"2020";"6037.39";"9372.27";"12017.99";"14718.06";"17788.74";"21415.31";"26021.33";"32215.62";"42354.14";"82775.88"
"NAM";"Namibia";"2020";"603.37";"1233.37";"1792.38";"2466.74";"3380.67";"4605.17";"6388.67";"9325.69";"15057.74";"43292.12"
"NER";"Niger";"2020";"206.46";"315.18";"419.02";"522.86";"629.14";"773.3";"978.53";"1282.72";"1806.8";"5278.69"
"NGA";"Nigeria";"2020";"1490.23";"2153.85";"2615.75";"3063.17";"3569.59";"4115.33";"4872.49";"5909.88";"7625.72";"13751.2"
"NIC";"Nicaragua";"2020";"687.52";"1427.35";"2008.42";"2536.95";"3118.33";"3858.28";"4598.22";"5760.99";"7980.82";"20824.12"
"NLD";"Netherlands";"2020";"18048.51";"28363.66";"34553.61";"39497.59";"44387.25";"49928.87";"56231.09";"64380.49";"76984.9";"130879.12"
"NOR";"Norway";"2020";"20362.3";"34593.1";"42981.14";"48512.71";"53980.72";"60021.0";"67269.35";"76679.51";"90158.88";"141278.65"
"NPL";"Nepal";"2020";"636.39";"1154.65";"1478.57";"1848.21";"2267.39";"2743.73";"3410.61";"4397.59";"6211.5";"13852.02"
"NRU";"Nauru";"2020";"3757.78";"6348.89";"7800.45";"8980.69";"10011.71";"11585.37";"13552.44";"15546.64";"19711.4";"38649.54"
"NZL";"New Zealand";"2020";"12300.66";"19048.94";"23277.29";"27206.67";"31947.55";"37115.53";"43265.86";"51252.75";"64706.6";"117625.07"
"OMN";"Oman";"2020";"6403.73";"9769.79";"12725.35";"15817.75";"19183.81";"22741.44";"26955.86";"32757.52";"44059.83";"83412.64"
"PAK";"Pakistan";"2020";"1026.34";"1585.33";"1942.71";"2341.33";"2776.61";"3308.11";"4041.21";"5140.85";"7115.64";"16348.1"
"PAN";"Panama";"2020";"2612.13";"5496.47";"8536.03";"11449.58";"14616.52";"18337.89";"22765.53";"30219.61";"43273.86";"96590.5"
"PER";"Peru";"2020";"994.36";"2595.59";"4128.91";"5571.62";"7150.71";"8854.34";"11009.04";"14045.9";"18808.1";"39449.89"
"PHL";"Philippines";"2020";"2012.76";"2903.39";"3579.07";"4286.93";"5082.28";"6044.65";"7317.21";"9170.38";"12471.08";"26668.06"
"PLW";"Palau";"2020";"3898.24";"6016.18";"7320.71";"8410.38";"9361.92";"11571.94";"13904.75";"17557.43";"25108.35";"51582.62"
"PNG";"Papua New Guinea";"2020";"766.97";"1310.75";"1789.6";"2231.93";"2731.07";"3291.08";"3944.43";"4877.78";"6427.95";"13265.77"
"POL";"Poland";"2020";"6966.57";"15887.97";"19897.23";"23520.79";"26917.88";"30250.26";"34100.3";"39115.05";"47203.35";"79685.99"
"PRI";"Puerto Rico";"2020";"3379.08";"6523.96";"10204.15";"13917.79";"18735.48";"23820.83";"30378.25";"39712.54";"56340.28";"131416.04"
"PRK";"Korea, DPR";"2020";"17.45";"17.45";"17.45";"17.45";"17.45";"17.45";"17.45";"17.45";"17.45";"17.45"
"PRT";"Portugal";"2020";"9012.38";"15236.65";"18843.33";"21813.54";"25039.27";"28392.74";"32193.34";"38197.66";"47619.32";"83006.44"
"PRY";"Paraguay";"2020";"1847.29";"3456.97";"4781.82";"6107.35";"7631.09";"9514.09";"11706.79";"14915.31";"20279.38";"43655.78"
"PSE";"West Bank and Gaza";"2020";"728.91";"1440.64";"2022.94";"2788.96";"3538.8";"4434.29";"5523.98";"7050.63";"9213.83";"17197.72"
"QAT";"Qatar";"2020";"22908.55";"34518.54";"44727.89";"55045.68";"65893.24";"77721.65";"91090.33";"107927.68";"134133.22";"218937.72"
"ROU";"Romania";"2020";"4734.5";"11103.24";"15368.02";"19346.98";"23498.94";"27737.4";"31947.03";"37800.14";"45729.23";"71015.82"
"RUS";"Russia";"2020";"7147.07";"11298.28";"14233.23";"16984.64";"19894.78";"23148.85";"27302.41";"32567.12";"41403.37";"70584.14"
"RWA";"Rwanda";"2020";"232.26";"414.3";"606.81";"790.94";"972.98";"1230.35";"1613.27";"2167.76";"3197.24";"9761.2"
"SAU";"Saudi Arabia";"2020";"11906.31";"17940.39";"23246.52";"28609.01";"34246.83";"40394.44";"47342.57";"56093.48";"69713.34";"113788.96"
"SDN";"Sudan";"2020";"583.98";"1018.39";"1372.34";"1670.15";"2032.33";"2543.38";"3211.36";"4144.91";"5790.66";"17861.17"
"SEN";"Senegal";"2020";"469.72";"799.52";"1079.35";"1382.5";"1738.96";"2148.71";"2705.04";"3501.23";"5033.65";"14348.06"
"SGP";"Singapore";"2020";"14856.95";"29796.6";"43144.43";"55844.96";"68638.87";"82460.03";"98335.69";"118974.04";"147736.99";"274181.93"
"SLB";"Solomon Islands";"2020";"640.97";"981.32";"1229.76";"1458.32";"1726.63";"2009.85";"2367.6";"2864.47";"3758.84";"7790.96"
"SLE";"Sierra Leone";"2020";"300.11";"436.22";"575.61";"718.29";"860.96";"1057.75";"1344.73";"1754.71";"2454.96";"6869.63"
"SLV";"El Salvador";"2020";"1280.64";"2720.04";"3679.3";"4479.15";"5518.95";"6558.75";"7758.52";"9518.19";"12797.57";"25515.15"
"SMR";"San Marino";"2020";"16301.5";"28337.8";"35769.6";"42338.45";"48835.22";"55847.19";"64099.01";"74732.75";"91194.23";"151015.34"
"SOM";"Somalia";"2020";"54.3";"180.67";"276.16";"379.14";"485.86";"627.21";"821.93";"1089.67";"1519.35";"3923.36"
"SRB";"Serbia";"2020";"5545.73";"9588.8";"11847.57";"13670.21";"15383.48";"17370.15";"19593.77";"22473.53";"27084.85";"39751.96"
"SSD";"South Sudan";"2020";"100.42";"509.93";"947.6";"1389.27";"1867.08";"2537.63";"3420.98";"4697.82";"6765.67";"17992.26"
"STP";"Sao Tome and Principe";"2020";"442.51";"901.26";"1254.45";"1603.59";"2074.52";"2557.63";"3215.3";"4177.46";"6073.35";"18215.98"
"SUR";"Suriname";"2020";"362.56";"1275.49";"3965.64";"5948.45";"8660.95";"10643.77";"13165.91";"18622.63";"29202.94";"66797.17"
"SVK";"Slovakia";"2020";"10806.91";"18336.37";"21933.58";"24923.14";"27790.69";"30414.16";"33403.72";"37003.38";"43013.04";"57472.7"
"SVN";"Slovenia";"2020";"14882.74";"21185.05";"25263.45";"28602.21";"31866.8";"35428.11";"39323.35";"44739.51";"51862.37";"77756.42"
"SWE";"Sweden";"2020";"15541.33";"26330.58";"33048.14";"37478.37";"41653.97";"46898.91";"53926.09";"62328.18";"74854.92";"117170.62"
"SWZ";"Eswatini";"2020";"225.75";"910.29";"1611.79";"2263.19";"3131.72";"4183.98";"5703.91";"8251.04";"13980.0";"43785.62"
"SXM";"Sint Maarten (Dutch part)";"2020";"4550.47";"10078.89";"13678.64";"17070.12";"21229.71";"25793.81";"31825.89";"41064.84";"58314.77";"137389.2"
"SYC";"Seychelles";"2020";"6305.03";"10896.35";"14021.24";"16854.81";"19810.5";"23205.89";"26821.12";"30851.62";"37007.29";"58503.27"
"SYR";"Syria";"2020";"1181.03";"1678.91";"2064.87";"2450.83";"2836.78";"3265.2";"3817.11";"4639.2";"5746.9";"10864.69"
"TCA";"Turks and Caicos Islands";"2020";"2663.12";"5898.57";"8005.28";"9990.12";"12424.48";"15095.57";"18625.79";"24032.79";"34128.13";"80405.65"
"TCD";"Chad";"2020";"226.56";"363.41";"501.78";"643.2";"784.61";"982.28";"1263.58";"1663.49";"2356.86";"6404.59"
"TGO";"Togo";"2020";"212.75";"400.22";"600.32";"810.97";"1008.97";"1301.76";"1708.29";"2308.62";"3344.97";"9381.92"
"THA";"Thailand";"2020";"4443.1";"6682.01";"8417.59";"10396.16";"12565.64";"14960.75";"17893.89";"21885.74";"27890.87";"47711.26"
"TJK";"Tajikistan";"2020";"849.75";"1494.38";"1926.58";"2336.8";"2765.34";"3230.5";"3805.55";"4552.74";"5783.41";"9830.69"
"TKM";"Turkmenistan";"2020";"2933.83";"5433.01";"7218.15";"8925.67";"10695.28";"12682.21";"15367.67";"19108.69";"25271.28";"47748.43"
"TLS";"Timor-Leste";"2020";"1414.37";"1887.13";"2233.83";"2572.65";"2950.86";"3348.78";"3837.3";"4538.58";"5688.98";"10787.0"
"TON";"Tonga";"2020";"1444.67";"2322.93";"3048.44";"3805.78";"4524.93";"5314.09";"6275.08";"7738.85";"10189.06";"18806.16"
"TTO";"Trinidad and Tobago";"2020";"4912.34";"8138.07";"10864.75";"13663.96";"16700.4";"20140.11";"24267.77";"29652.69";"37979.17";"70905.52"
"TUN";"Tunisia";"2020";"2475.4";"3851.76";"4878.9";"6008.75";"7159.14";"8432.79";"10035.12";"12541.34";"16177.4";"31040.06"
"TUR";"Turkiye";"2020";"5040.93";"9430.5";"12319.13";"15151.11";"18153.01";"21664.67";"25969.29";"32567.81";"43385.99";"100252.21"
"TUV";"Tuvalu";"2020";"967.85";"1564.47";"2024.09";"2567.67";"3089.16";"3650.42";"4406.14";"5351.89";"7071.04";"13417.3"
"TWN";"Taiwan";"2020";"16690.62";"24381.29";"29244.27";"33961.09";"38677.91";"44189.13";"50693.38";"59580.86";"74178.16";"124970.84"
"TZA";"Tanzania";"2020";"351.34";"610.23";"829.49";"1046.1";"1307.63";"1621.99";"2044.66";"2707.72";"3933.46";"11900.75"
"UGA";"Uganda";"2020";"238.92";"440.91";"642.91";"836.22";"1036.04";"1318.4";"1718.04";"2282.76";"3292.74";"9943.37"
"UKR";"Ukraine";"2020";"4124.02";"6235.71";"7639.37";"8819.43";"10036.76";"11415.57";"12993.14";"15067.57";"18508.39";"28930.22"
"URY";"Uruguay";"2020";"4837.46";"7448.1";"9735.31";"12066.61";"15023.9";"17247.15";"21694.53";"26724.25";"35013.33";"66293.65"
"USA";"United States";"2020";"10594.2";"20329.97";"27181.96";"33977.45";"41434.44";"49973.91";"60497.9";"74690.25";"97361.92";"185342.46"
"UZB";"Uzbekistan";"2020";"1650.99";"3023.14";"3903.67";"4659.46";"5407.91";"6288.43";"7352.41";"8812.61";"11432.18";"20787.79"
"VCT";"Saint Vincent and the Grenadines";"2020";"1498.11";"3329.08";"4676.56";"5971.73";"7317.18";"9189.09";"10958.89";"13937.64";"19342.96";"44222.43"
"VEN";"Venezuela";"2020";"1950.45";"2886.26";"3899.82";"4757.78";"5693.74";"6707.69";"7955.63";"9749.55";"12323.43";"21916.98"
"VGB";"British Virgin Islands";"2020";"4984.67";"11040.61";"14983.84";"18698.94";"23255.44";"28255.04";"34862.7";"44983.22";"63879.13";"150498.79"
"VNM";"Vietnam";"2020";"2084.28";"3256.66";"4273.16";"5240.97";"6167.77";"7110.98";"8275.64";"10030.82";"12680.01";"22883.04"
"VUT";"Vanuatu";"2020";"804.23";"1187.74";"1502.56";"1797.35";"2140.79";"2504.27";"2899.23";"3422.98";"4290.17";"7993.62"
"WSM";"Samoa";"2020";"1648.29";"2469.23";"3110.58";"3694.22";"4329.16";"5053.89";"5951.79";"7228.1";"9581.88";"21100.65"
"XKX";"Kosovo";"2020";"936.12";"3120.4";"4874.27";"6348.39";"7650.35";"9339.67";"11276.47";"14084.82";"17969.18";"32355.28"
"YEM";"Yemen";"2020";"602.49";"943.9";"1217.53";"1476.09";"1747.21";"2048.46";"2425.01";"2982.31";"3865.96";"7784.64"
"ZAF";"South Africa";"2020";"646.45";"1330.08";"1988.32";"2811.51";"3951.32";"5483.72";"8054.61";"12347.87";"21934.88";"68109.57"
"ZMB";"Zambia";"2020";"42.46";"263.08";"535.91";"802.23";"1175.74";"1630.45";"2286.53";"3299.88";"5290.85";"17451.03"
"ZWE";"Zimbabwe";"2020";"358.96";"637.4";"902.43";"1170.81";"1539.83";"1965.89";"2563.03";"3525.85";"5323.99";"15545.93"